[{"ces_id":1, "ces_order":1, "ces_title":"\u0e1a\u0e31\u0e13\u0e11\u0e34\u0e15\u0e40\u0e23\u0e34\u0e48\u0e21\u0e40\u0e14\u0e34\u0e19\u0e40\u0e02\u0e49\u0e32\u0e2b\u0e2d\u0e1b\u0e23\u0e30\u0e0a\u0e38\u0e21", "ces_numOfCert":0, "ces_status":10},
 {"ces_id":2, "ces_order":2, "ces_title":"\u0e19\u0e32\u0e22\u0e22\u0e01\u0e2a\u0e20\u0e32\u0e01\u0e25\u0e48\u0e32\u0e27\u0e23\u0e32\u0e22\u0e07\u0e32\u0e19", "ces_numOfCert":0, "ces_status":10},
 {"ces_id":3, "ces_order":3, "ces_title":"\u0e2d\u0e18\u0e34\u0e01\u0e32\u0e23\u0e1a\u0e14\u0e35\u0e01\u0e25\u0e48\u0e32\u0e27\u0e23\u0e32\u0e22\u0e07\u0e32\u0e19\u0e40\u0e1a\u0e34\u0e01\u0e1a\u0e31\u0e13\u0e11\u0e34\u0e15\u0e01\u0e34\u0e15\u0e15\u0e34\u0e21\u0e28\u0e31\u0e01\u0e14\u0e34\u0e4c", "ces_numOfCert":0, "ces_status":10},
 {"ces_id":4, "ces_order":4, "ces_title":"\u0e40\u0e23\u0e34\u0e48\u0e21\u0e23\u0e31\u0e1a\u0e1e\u0e23\u0e30\u0e23\u0e32\u0e0a\u0e17\u0e32\u0e19\u0e1b\u0e23\u0e34\u0e0d\u0e0d\u0e32\u0e1a\u0e31\u0e15\u0e23", "ces_numOfCert":0, "ces_status":10},
 {"ces_id":5, "ces_order":5, "ces_title":"\u0e1a\u0e31\u0e13\u0e11\u0e34\u0e15\u0e01\u0e34\u0e15\u0e15\u0e34\u0e21\u0e28\u0e31\u0e01\u0e14\u0e34\u0e4c", "ces_numOfCert":5, "ces_status":10},
 {"ces_id":6, "ces_order":6, "ces_title":"\u0e04\u0e13\u0e1a\u0e14\u0e35\u0e04\u0e13\u0e30\u0e28\u0e34\u0e25\u0e1b\u0e01\u0e23\u0e23\u0e21\u0e2f \u0e40\u0e1a\u0e34\u0e01\u0e1a\u0e31\u0e13\u0e11\u0e34\u0e15", "ces_numOfCert":0, "ces_status":10},
 {"ces_id":7, "ces_order":7, "ces_title":"\u0e2d\u0e32\u0e08\u0e32\u0e23\u0e22\u0e4c\u0e04\u0e19\u0e17\u0e35\u0e48 1", "ces_numOfCert":45, "ces_status":10},
 {"ces_id":8, "ces_order":8, "ces_title":"\u0e2d\u0e32\u0e08\u0e32\u0e23\u0e22\u0e4c\u0e04\u0e19\u0e17\u0e35\u0e48 2", "ces_numOfCert":53, "ces_status":10},
 {"ces_id":9, "ces_order":9, "ces_title":"\u0e04\u0e13\u0e1a\u0e14\u0e35\u0e04\u0e13\u0e30\u0e27\u0e34\u0e17\u0e22\u0e4c\u0e2f\u0e40\u0e1a\u0e34\u0e01\u0e1a\u0e31\u0e13\u0e11\u0e34\u0e15", "ces_numOfCert":0, "ces_status":10},
 {"ces_id":10, "ces_order":10, "ces_title":"\u0e2d\u0e32\u0e08\u0e32\u0e23\u0e22\u0e4c\u0e04\u0e19\u0e17\u0e35\u0e48 1", "ces_numOfCert":22, "ces_status":10},
 {"ces_id":11, "ces_order":11, "ces_title":"\u0e2d\u0e32\u0e08\u0e32\u0e23\u0e22\u0e4c\u0e04\u0e19\u0e17\u0e35\u0e48 2", "ces_numOfCert":68, "ces_status":10},
 {"ces_id":12, "ces_order":12, "ces_title":"\u0e04\u0e13\u0e1a\u0e14\u0e35\u0e04\u0e13\u0e30\u0e27\u0e34\u0e28\u0e27\u0e01\u0e23\u0e23\u0e21\u0e40\u0e1a\u0e34\u0e01\u0e1a\u0e31\u0e13\u0e11\u0e34\u0e15", "ces_numOfCert":0, "ces_status":10},
 {"ces_id":13, "ces_order":13, "ces_title":"\u0e2d\u0e32\u0e08\u0e32\u0e23\u0e22\u0e4c\u0e04\u0e19\u0e17\u0e35\u0e48 1", "ces_numOfCert":60, "ces_status":10},
 {"ces_id":14, "ces_order":14, "ces_title":"\u0e2d\u0e32\u0e08\u0e32\u0e23\u0e22\u0e4c\u0e04\u0e19\u0e17\u0e35\u0e48 2", "ces_numOfCert":170, "ces_status":10},
 {"ces_id":15, "ces_order":15, "ces_title":"\u0e2d\u0e32\u0e08\u0e32\u0e23\u0e22\u0e4c\u0e04\u0e19\u0e17\u0e35\u0e48 3", "ces_numOfCert":140, "ces_status":10},
 {"ces_id":16, "ces_order":16, "ces_title":"\u0e2d\u0e32\u0e08\u0e32\u0e23\u0e22\u0e4c\u0e04\u0e19\u0e17\u0e35\u0e48 4", "ces_numOfCert":121, "ces_status":10},
 {"ces_id":17, "ces_order":17, "ces_title":"\u0e1e\u0e31\u0e01\u0e40\u0e1a\u0e23\u0e04", "ces_numOfCert":0, "ces_status":10},
 {"ces_id":18, "ces_order":18, "ces_title":"\u0e04\u0e13\u0e1a\u0e14\u0e35\u0e04\u0e13\u0e30\u0e1a\u0e23\u0e34\u0e2b\u0e32\u0e23\u0e2f\u0e40\u0e1a\u0e34\u0e01\u0e1a\u0e31\u0e13\u0e11\u0e34\u0e15", "ces_numOfCert":0, "ces_status":10},
 {"ces_id":19, "ces_order":19, "ces_title":"\u0e2d\u0e32\u0e08\u0e32\u0e23\u0e22\u0e4c\u0e04\u0e19\u0e17\u0e35\u0e48 1", "ces_numOfCert":71, "ces_status":10},
 {"ces_id":20, "ces_order":20, "ces_title":"\u0e2d\u0e32\u0e08\u0e32\u0e23\u0e22\u0e4c\u0e04\u0e19\u0e17\u0e35\u0e48 2", "ces_numOfCert":135, "ces_status":10},
 {"ces_id":21, "ces_order":21, "ces_title":"\u0e2d\u0e32\u0e08\u0e32\u0e23\u0e22\u0e4c\u0e04\u0e19\u0e17\u0e35\u0e48 3", "ces_numOfCert":135, "ces_status":10},
 {"ces_id":22, "ces_order":22, "ces_title":"\u0e2d\u0e32\u0e08\u0e32\u0e23\u0e22\u0e4c\u0e04\u0e19\u0e17\u0e35\u0e48 4", "ces_numOfCert":130, "ces_status":10},
 {"ces_id":23, "ces_order":23, "ces_title":"\u0e2d\u0e32\u0e08\u0e32\u0e23\u0e22\u0e4c\u0e04\u0e19\u0e17\u0e35\u0e48 5", "ces_numOfCert":86, "ces_status":10},
 {"ces_id":24, "ces_order":24, "ces_title":"\u0e2d\u0e32\u0e08\u0e32\u0e23\u0e22\u0e4c\u0e04\u0e19\u0e17\u0e35\u0e48 6", "ces_numOfCert":93, "ces_status":10},
 {"ces_id":25, "ces_order":25, "ces_title":"\u0e40\u0e1a\u0e34\u0e01\u0e1a\u0e31\u0e13\u0e11\u0e34\u0e15\u0e23\u0e31\u0e1a\u0e40\u0e2b\u0e23\u0e35\u0e22\u0e0d", "ces_numOfCert":0, "ces_status":10},
 {"ces_id":26, "ces_order":26, "ces_title":"\u0e1a\u0e31\u0e13\u0e11\u0e34\u0e15\u0e23\u0e31\u0e1a\u0e40\u0e2b\u0e23\u0e35\u0e22\u0e0d", "ces_numOfCert":0, "ces_status":10},
 {"ces_id":27, "ces_order":27, "ces_title":"\u0e1a\u0e31\u0e13\u0e11\u0e34\u0e15\u0e01\u0e25\u0e48\u0e32\u0e27\u0e1b\u0e0f\u0e34\u0e0d\u0e32\u0e13\u0e15\u0e19", "ces_numOfCert":0, "ces_status":10},
 {"ces_id":28, "ces_order":28, "ces_title":"\u0e43\u0e2b\u0e49\u0e42\u0e2d\u0e27\u0e32\u0e2a", "ces_numOfCert":0, "ces_status":10},
 {"ces_id":29, "ces_order":29, "ces_title":"\u0e25\u0e32\u0e1e\u0e23\u0e30\u0e41\u0e25\u0e30\u0e2d\u0e2d\u0e01\u0e08\u0e32\u0e01\u0e2b\u0e2d\u0e1b\u0e23\u0e30\u0e0a\u0e38\u0e21", "ces_numOfCert":0, "ces_status":10}]